id,name,registrationrule,state_id,display_name,created,modified,guid,type
256,VolunteerEnergy,1,,VolunteerEnergy,2014-12-29 11:23:15.634488-05,2014-12-29 11:26:46.202015-05,76f3406a-157d-47f2-9b35438d9b8688d0,2
27,APG&E,1,,APG&E,2014-12-11 17:53:52.121789-05,2014-12-23 12:51:29.669104-05,3f4c9450-eb54-4f0d-b224-9ac220b9d224,2
24,Bollinger Energy,1,,Bollinger Energy,2014-12-11 17:53:52.112996-05,2014-12-23 12:51:29.730458-05,3fa56699-c8e4-4d6c-a0b9-4bcd1e089b23,2
39,Cincinnati Bell Energy LLC,1,,Cincinnati Bell Energy LLC,2014-12-11 17:53:52.167281-05,2014-12-23 12:51:29.799016-05,676f4e85-0742-411f-bcab-1a8950167f97,2
40,"Cirro Group, Inc.",1,,"Cirro Group, Inc.",2014-12-11 17:53:52.17018-05,2014-12-23 12:51:29.806496-05,783ca75e-f5e0-439d-99b5-aee2285d168a,2
23,Clear Energy,1,,Clear Energy,2014-12-11 17:53:52.109794-05,2014-12-23 12:51:29.810199-05,049aa87e-d429-4073-86f5-d5e838c8aa31,2
41,CMS Energy Resource Management,1,,CMS Energy Resource Management,2014-12-11 17:53:52.172995-05,2014-12-23 12:51:29.845489-05,ef1a844b-9f0c-4ff4-9478-3dcf27c0de1c,2
5,Columbia Gas of Virginia,5,46,Columbia Gas of Virginia,,2014-12-23 12:51:29.85295-05,38682178-3e96-4914-898b-2a2418584ea9,1
251,ConEd Solutions,1,,"",2014-12-29 11:20:12.337619-05,2014-12-29 11:20:12.337663-05,821ca61b-5ab4-479d-afd738c787a0ecbe,2
124,COMELEC,1,,COMELEC,2014-12-11 17:53:52.431185-05,2014-12-29 11:24:00.652214-05,54d2b1b5-798b-4e58-a92cbcabd416b409,1
252,Duquesne Light,1,,82b63779-c280-44f5-afb0-6b71f5dcbda5,2014-12-29 11:20:42.516054-05,2014-12-29 11:25:15.28774-05,a95f7cd0-6931-47fb-89293e4c82c61054,1
87,"Linde Energy Services, Inc.",1,,"Linde Energy Services, Inc.",2014-12-11 17:53:52.305134-05,2014-12-29 11:26:21.495955-05,da2a7498-bc77-46cf-8018bf54e10933d,2
253,High Rise Energy Group,1,,High Rise Energy Group,2014-12-29 11:21:28.742032-05,2014-12-29 11:25:30.268169-05,57497496-3f55-478d-96a059cd7fbf98ce,2
193,APNA Energy,1,,APNA Energy,2014-12-11 17:53:52.638023-05,2014-12-23 12:51:29.676637-05,3a5c7742-54c0-41f7-850c-b9fb1fb6d4dd,2
176,3 Phases Renewables,1,,3 Phases Renewables,2014-12-11 17:53:52.590038-05,2014-12-23 12:51:29.542857-05,b6e38858-d699-477f-bc78-3fd5d28942a8,2
177,4Change Energy Company,1,,4Change Energy Company,2014-12-11 17:53:52.592814-05,2014-12-23 12:51:29.54782-05,9e829217-3680-4c6d-82f2-942ee87e49ea,2
178,"Accent Energy Holdings, LLC",1,,"Accent Energy Holdings, LLC",2014-12-11 17:53:52.595623-05,2014-12-23 12:51:29.551948-05,a6a49091-6cf8-4c60-a07c-934ca2740303,2
179,"Advantage Energy, Inc",1,,"Advantage Energy, Inc",2014-12-11 17:53:52.59863-05,2014-12-23 12:51:29.555853-05,a2d2497f-a918-4792-bc12-f63f13137f53,2
132,AECO,1,,AECO,2014-12-11 17:53:52.45324-05,2014-12-23 12:51:29.583285-05,b858ff52-6c6f-4306-ade4-3b7e7ea7aa24,1
105,AEP,1,,AEP,2014-12-11 17:53:52.361931-05,2014-12-23 12:51:29.587415-05,92d687e5-87ca-4208-9b51-8cd6022d7371,2
180,"Agway Energy Services, LLC",1,,"Agway Energy Services, LLC",2014-12-11 17:53:52.601534-05,2014-12-23 12:51:29.591414-05,a4d517b9-2dfb-4892-8bc1-391c460effee,2
181,Allegheny Energy Supply Co LLC,1,,Allegheny Energy Supply Co LLC,2014-12-11 17:53:52.604349-05,2014-12-23 12:51:29.59543-05,2240ad76-bc13-45b9-b27f-bf8b73c2f99c,2
182,"Alliance Power Company, LLC.",1,,"Alliance Power Company, LLC.",2014-12-11 17:53:52.60717-05,2014-12-23 12:51:29.599628-05,2cea9312-1a5b-4722-98eb-c47e437037c5,2
107,Ambit Energy,1,,Ambit Energy,2014-12-11 17:53:52.36756-05,2014-12-23 12:51:29.603583-05,40e8ed32-e7ef-40e6-b1b3-818c2c5cc477,2
118,Ameren,1,,Ameren,2014-12-11 17:53:52.414413-05,2014-12-23 12:51:29.607368-05,3e97a797-d11c-47ae-a8b4-ea299d431465,1
183,Ameren Energy Marketing,1,,Ameren Energy Marketing,2014-12-11 17:53:52.609983-05,2014-12-23 12:51:29.611224-05,c611f4cf-631a-42e7-91e6-18e555c40416,2
246,American Power & Gas of PA,1,,American Power & Gas of PA,2014-12-11 17:53:52.786863-05,2014-12-23 12:51:29.615054-05,95e2364a-749c-4548-89b5-cb06bcb88942,2
185,American PowerNet,1,,American PowerNet,2014-12-11 17:53:52.615582-05,2014-12-23 12:51:29.618989-05,456d7f7b-7c38-46db-ac2e-6d58d40ff959,2
184,American Power Partners LLC,1,,American Power Partners LLC,2014-12-11 17:53:52.612773-05,2014-12-23 12:51:29.62272-05,e5dc5af3-e1e3-4707-b118-72903e3ec35f,2
186,"Amerigreen Energy, LLC",1,,"Amerigreen Energy, LLC",2014-12-11 17:53:52.61839-05,2014-12-23 12:51:29.650264-05,da6916e5-7404-4b87-af4d-80600274476f,2
187,AmeriPower LLC,1,,AmeriPower LLC,2014-12-11 17:53:52.621228-05,2014-12-23 12:51:29.654018-05,1279a03c-0480-47bb-b97d-89a103989675,2
188,Amigo Energy,1,,Amigo Energy,2014-12-11 17:53:52.624056-05,2014-12-23 12:51:29.657753-05,f4761a11-abae-44ea-bc7f-390c6add9a5e,2
189,Andeler Power,1,,Andeler Power,2014-12-11 17:53:52.626886-05,2014-12-23 12:51:29.661516-05,8863e361-e642-4bdd-bf5e-dc1f6e6bd6a2,2
190,Anthracite Power & Light,1,,Anthracite Power & Light,2014-12-11 17:53:52.629643-05,2014-12-23 12:51:29.665388-05,27499e32-afbe-4adc-81c0-6140f8a8c9de,2
191,AP Holdings LLC,1,,AP Holdings LLC,2014-12-11 17:53:52.632429-05,2014-12-23 12:51:29.672908-05,f0a39173-4a30-4e99-a2ab-e0d7ac7ac9bb,2
192,"APN Starfirst, L.P.",1,,"APN Starfirst, L.P.",2014-12-11 17:53:52.635214-05,2014-12-23 12:51:29.680338-05,582c10bb-9e9b-4994-948c-b73f9af3fdcc,2
128,APS,1,,APS,2014-12-11 17:53:52.442251-05,2014-12-23 12:51:29.68405-05,bd43f95a-a4be-4bcb-9eac-1d7331b0ac6d,1
194,"Backyard Farms Energy, LLC",1,,"Backyard Farms Energy, LLC",2014-12-11 17:53:52.640766-05,2014-12-23 12:51:29.711637-05,24f80430-cab2-466e-ab62-466e34e4084c,2
122,BECO,1,,BECO,2014-12-11 17:53:52.425615-05,2014-12-23 12:51:29.71541-05,97d3e93a-9ed1-4d31-8219-c97b3c07ccd5,1
3,BGE,3,20,BGE,,2014-12-23 12:51:29.719108-05,d02549c1-b835-494f-8ecf-c137081ad0bd,1
195,BluCo Energy LLC,1,,BluCo Energy LLC,2014-12-11 17:53:52.643576-05,2014-12-23 12:51:29.722837-05,33e86f6d-af20-4b80-86d4-0f32623d46cd,2
196,"Bluerock Energy, Inc.",1,,"Bluerock Energy, Inc.",2014-12-11 17:53:52.646339-05,2014-12-23 12:51:29.726633-05,9e9b5969-858b-4897-bddc-160ceca35f95,2
197,"Bounce Energy, Inc.",1,,"Bounce Energy, Inc.",2014-12-11 17:53:52.649145-05,2014-12-23 12:51:29.734266-05,8c19d81b-4c97-439c-8c03-9ff567269ce2,2
198,BP Energy Company,1,,BP Energy Company,2014-12-11 17:53:52.651986-05,2014-12-23 12:51:29.738004-05,3f765caa-c86e-488b-a6f5-73aa730fe2fe,2
199,"Brilliant Energy, LLC",1,,"Brilliant Energy, LLC",2014-12-11 17:53:52.654796-05,2014-12-23 12:51:29.74171-05,de8e2cfe-5613-4346-a765-16e5dd98a088,2
200,Calpine Power America LLC,1,,Calpine Power America LLC,2014-12-11 17:53:52.657592-05,2014-12-23 12:51:29.745478-05,1335b931-55eb-417f-8e54-2c362fce6461,2
167,CCES,1,,CCES,2014-12-11 17:53:52.564275-05,2014-12-23 12:51:29.749255-05,b97a132d-4f6c-413a-a72c-c1980e226bbe,2
201,"CECG Maine, LLC",1,,"CECG Maine, LLC",2014-12-11 17:53:52.66039-05,2014-12-23 12:51:29.75305-05,49bd02be-bb6f-47f5-8c86-0e742432bde3,2
123,CELCO,1,,CELCO,2014-12-11 17:53:52.428416-05,2014-12-23 12:51:29.780465-05,87e63db1-6ce4-4268-8310-2f1fd2d3725b,1
134,CENHUD,1,,CENHUD,2014-12-11 17:53:52.458824-05,2014-12-23 12:51:29.784174-05,56cea439-d4e3-44ec-a099-7fcfc921b07f,1
112,CenterPoint Energy,1,,CenterPoint Energy,2014-12-11 17:53:52.387036-05,2014-12-23 12:51:29.787975-05,1bb6948e-45b1-41e3-acf7-fd9482e88bc6,1
140,CGE,1,,CGE,2014-12-11 17:53:52.476166-05,2014-12-23 12:51:29.791671-05,c9367b80-3bcd-4479-821d-7919806acf9a,1
101,Champion Energy Services,1,,Champion Energy Services,2014-12-11 17:53:52.345249-05,2014-12-23 12:51:29.79535-05,75fa84b4-a58d-42f3-b75d-3577cb899dd3,2
119,CIPS,1,,CIPS,2014-12-11 17:53:52.417186-05,2014-12-23 12:51:29.802708-05,b3bd1053-532b-4f46-8793-f55bd31a0d15,1
115,CLP,1,,CLP,2014-12-11 17:53:52.406051-05,2014-12-23 12:51:29.8139-05,2523a38c-2d1a-4929-8dbf-7a637207e050,1
129,CMP,1,,CMP,2014-12-11 17:53:52.444992-05,2014-12-23 12:51:29.841716-05,5a8ed6f0-e9b8-4564-bfd9-948bc12b2300,1
153,CNP,1,,CNP,2014-12-11 17:53:52.514006-05,2014-12-23 12:51:29.849269-05,1389fe5a-3f0b-4a35-a79b-a85fec43c0dc,1
42,"Columbia Utilities Power, LLC",1,,"Columbia Utilities Power, LLC",2014-12-11 17:53:52.175908-05,2014-12-23 12:51:29.85661-05,10f56786-94b3-4397-8773-28804811ed32,2
121,COMED,1,,COMED,2014-12-11 17:53:52.422834-05,2014-12-23 12:51:29.860635-05,bcba339b-6045-4dd6-bae7-859246bf8692,1
81,"HOP Energy, LLC",1,,"HOP Energy, LLC",2014-12-11 17:53:52.287984-05,2014-12-23 12:51:30.246674-05,75a02917-2293-487e-9ff3-723a6bdbb2a9,2
43,"Commerce Energy, Inc.",1,,"Commerce Energy, Inc.",2014-12-11 17:53:52.178837-05,2014-12-23 12:51:29.86812-05,cb06bb8b-692a-4765-be98-61f2c00f9eec,2
44,"Competitive Energy Services, L",1,,"Competitive Energy Services, L",2014-12-11 17:53:52.181703-05,2014-12-23 12:51:29.872079-05,cb4046f7-90a4-447a-ab19-7515c0322d6b,2
45,ConocoPhillips Company,1,,ConocoPhillips Company,2014-12-11 17:53:52.184646-05,2014-12-23 12:51:29.879729-05,91f09f4a-7d11-41c9-a368-aa586d5d53eb,2
46,Consolidated Edison Sol Inc,1,,Consolidated Edison Sol Inc,2014-12-11 17:53:52.187493-05,2014-12-23 12:51:29.90726-05,83bded29-3885-4d44-a6f0-9217f52b7db0,2
157,Constellation Energy,1,,Constellation Energy,2014-12-11 17:53:52.525244-05,2014-12-23 12:51:29.910956-05,ab5910bb-27ee-4b5a-b087-bc7dd141dd75,2
19,Consumers Energy,1,22,Consumers Energy,2014-12-08 13:21:09.554176-05,2014-12-23 12:51:29.9146-05,4f6e4377-0220-4858-bfc5-e1babb94054e,1
154,CPL,1,,CPL,2014-12-11 17:53:52.516788-05,2014-12-23 12:51:29.918279-05,09c894c9-c545-4ab9-9eb8-7f295860a5df,1
47,"CPL Retail Energy, LP",1,,"CPL Retail Energy, LP",2014-12-11 17:53:52.19035-05,2014-12-23 12:51:29.922017-05,9ad7cc5f-0c49-4710-b47f-54a8fe476d05,2
30,Crius Energy,1,,Crius Energy,2014-12-11 17:53:52.141629-05,2014-12-23 12:51:29.925669-05,9a1b937a-e3b6-4b36-927b-643fbb729543,2
142,CS,1,,CS,2014-12-11 17:53:52.482591-05,2014-12-23 12:51:29.929318-05,a637c168-a05e-4a2e-a7d6-4a6a23b2a574,1
117,DELM,1,,DELM,2014-12-11 17:53:52.411635-05,2014-12-23 12:51:29.933147-05,a28837fd-c23b-4856-a218-e45d9df0f1c1,1
10,Delmarva,1,20,Delmarva,,2014-12-23 12:51:29.937173-05,7503c026-cc0c-4fad-b848-f122257162fd,1
144,DEOK,1,,DEOK,2014-12-11 17:53:52.488192-05,2014-12-23 12:51:29.94094-05,99ab594f-275d-4bb6-932b-7d3fcc68f241,1
48,"Devonshire Energy, LLC",1,,"Devonshire Energy, LLC",2014-12-11 17:53:52.193252-05,2014-12-23 12:51:29.969249-05,84010145-caab-4f49-ae34-fdd9453285c8,2
114,Direct Energy,1,,Direct Energy,2014-12-11 17:53:52.392609-05,2014-12-23 12:51:29.973091-05,e2830d1f-a59f-49d5-b445-35ccc9ddf036,2
49,Discount Power,1,,Discount Power,2014-12-11 17:53:52.19608-05,2014-12-23 12:51:29.976821-05,20e1f99f-06a3-4386-bbc1-72ac301193b0,2
50,Dominion Retail Inc,1,,Dominion Retail Inc,2014-12-11 17:53:52.198908-05,2014-12-23 12:51:29.980667-05,8be5e3ef-f596-47a0-bfd4-f636be29cf83,2
51,dPi Energy LLC,1,,dPi Energy LLC,2014-12-11 17:53:52.201717-05,2014-12-23 12:51:29.984672-05,071118ed-26ef-4d50-8aad-8ce5a0afc201,2
141,DPL,1,,DPL,2014-12-11 17:53:52.479742-05,2014-12-23 12:51:29.988416-05,79cb0f7b-746b-427d-a08f-cda5e1ae6627,1
52,DPL Energy Resources,1,,DPL Energy Resources,2014-12-11 17:53:52.204524-05,2014-12-23 12:51:29.992186-05,e7fb0dbc-f738-41dc-86ea-708e0941b7b7,2
20,DTE Energy,1,22,DTE Energy,2014-12-08 13:21:31.599512-05,2014-12-23 12:51:29.995978-05,40164969-f52d-4610-b46f-6d728af02115,1
53,"Duke Energy Retail Sales, LLC",1,,"Duke Energy Retail Sales, LLC",2014-12-11 17:53:52.207348-05,2014-12-23 12:51:29.999721-05,b94bbfae-9d36-4187-9c2b-96a0180e794d,2
147,DUQ,1,,DUQ,2014-12-11 17:53:52.496525-05,2014-12-23 12:51:30.031601-05,96bf396d-96b9-4d36-a093-8dd8f52185ab,1
54,"Duquesne Light Energy, LLC",1,,"Duquesne Light Energy, LLC",2014-12-11 17:53:52.210265-05,2014-12-23 12:51:30.077334-05,8eaa90b3-9385-497a-bbbc-9993031afb05,2
55,EDF Industrial Power Services,1,,EDF Industrial Power Services,2014-12-11 17:53:52.213064-05,2014-12-23 12:51:30.081217-05,66370f61-cd7c-4ae7-9b27-72341afd7d08,2
56,"Electricity Maine, LLC",1,,"Electricity Maine, LLC",2014-12-11 17:53:52.215897-05,2014-12-23 12:51:30.084925-05,5e50129e-7339-457c-8390-bc9bbd76707a,2
58,Empire Natural Gas Corporation,1,,Empire Natural Gas Corporation,2014-12-11 17:53:52.221616-05,2014-12-23 12:51:30.088662-05,104f3424-ae9c-4bc0-aa29-44474d5a3e8a,2
59,Energetix,1,,Energetix,2014-12-11 17:53:52.224416-05,2014-12-23 12:51:30.092342-05,924821f6-6e02-4caf-8baf-4dae3187c519,2
60,"Energy Coop of New York, Inc",1,,"Energy Coop of New York, Inc",2014-12-11 17:53:52.227692-05,2014-12-23 12:51:30.096067-05,783a95a0-b29f-4beb-b0ed-9436df353837,2
62,"EnergyMark, LLC",1,,"EnergyMark, LLC",2014-12-11 17:53:52.233677-05,2014-12-23 12:51:30.099785-05,4d847432-3f98-421e-8ba3-9e5c45b7ddb6,2
109,energy.me,1,,energy.me,2014-12-11 17:53:52.373129-05,2014-12-23 12:51:30.103532-05,4e1bc935-b43a-44ab-97dd-f06e2860267a,2
100,Energy Plus,1,,Energy Plus,2014-12-11 17:53:52.342424-05,2014-12-23 12:51:30.107212-05,9a520406-44c8-41a9-a273-1a82610e1a2f,2
61,"Energy Services Providers, Inc",1,,"Energy Services Providers, Inc",2014-12-11 17:53:52.230733-05,2014-12-23 12:51:30.110956-05,a44460e0-7f4b-47a9-ade7-b0e337a9a0e5,2
57,ENH Power,1,,ENH Power,2014-12-11 17:53:52.218785-05,2014-12-23 12:51:30.114688-05,b48c6a57-5bcc-4f7b-a11a-35da8f9842e9,2
63,"E-Now, LP",1,,"E-Now, LP",2014-12-11 17:53:52.236588-05,2014-12-23 12:51:30.118395-05,ac273148-e799-43a0-9937-1084b992bac0,2
64,"Entergy Solutions, Ltd",1,,"Entergy Solutions, Ltd",2014-12-11 17:53:52.23952-05,2014-12-23 12:51:30.122261-05,d8650dbd-a0ae-4cf5-9f08-3cf810c6248e,2
65,En-Touch Energy,1,,En-Touch Energy,2014-12-11 17:53:52.242334-05,2014-12-23 12:51:30.126022-05,3f617457-c776-4a18-be6c-429d60dd6718,2
66,Entrust Energy,1,,Entrust Energy,2014-12-11 17:53:52.245156-05,2014-12-23 12:51:30.129773-05,af1fc3ef-4d73-42c5-8c83-09c89df614fe,2
67,Epcot Electric,1,,Epcot Electric,2014-12-11 17:53:52.24808-05,2014-12-23 12:51:30.133509-05,f7c7c8ac-07c8-4beb-9d84-6afd5dd0dcf8,2
68,"Everything Energy, LLC",1,,"Everything Energy, LLC",2014-12-11 17:53:52.250958-05,2014-12-23 12:51:30.137392-05,f6c99258-2bec-4e04-acad-00f69868e34b,2
69,FairPoint Energy LLC,1,,FairPoint Energy LLC,2014-12-11 17:53:52.253747-05,2014-12-23 12:51:30.14133-05,c0f3bf35-dafa-441a-abe3-8142e289eedf,2
145,FE_OH,1,,FE_OH,2014-12-11 17:53:52.490954-05,2014-12-23 12:51:30.145142-05,c4a18ba3-a2ac-4881-b34e-8ce0777c3590,1
125,FGE,1,,FGE,2014-12-11 17:53:52.433977-05,2014-12-23 12:51:30.149004-05,867d9d8f-8db0-4850-bc8a-f860e2bb5391,1
70,First Choice Power,1,,First Choice Power,2014-12-11 17:53:52.256782-05,2014-12-23 12:51:30.15274-05,22e1b779-b706-439b-88cb-c7d3efc211f0,2
71,First Energy Solutions Corp.,1,,First Energy Solutions Corp.,2014-12-11 17:53:52.259711-05,2014-12-23 12:51:30.156552-05,91591d30-0756-4692-9d31-94c57e645170,2
72,Freedom Energy,1,,Freedom Energy,2014-12-11 17:53:52.26255-05,2014-12-23 12:51:30.163481-05,25eb29e7-e2da-4a3e-b738-e68f13d2f3b4,2
73,"Frontier Utilities, Inc.",1,,"Frontier Utilities, Inc.",2014-12-11 17:53:52.26533-05,2014-12-23 12:51:30.167274-05,4508aeec-ec1f-47a5-9c07-ed308b62c013,2
168,FTR Energy Services,1,,FTR Energy Services,2014-12-11 17:53:52.567372-05,2014-12-23 12:51:30.17125-05,a0f488ad-4b2f-4bf0-b3e8-2dde6f2cdbcb,2
104,Gateway,1,,Gateway,2014-12-11 17:53:52.358997-05,2014-12-23 12:51:30.175276-05,b38eac8b-a642-4dac-9ed9-37b5b736f1bd,2
37,GDF Suez,1,,GDF Suez,2014-12-11 17:53:52.161557-05,2014-12-23 12:51:30.180281-05,3e5fbb8f-6b16-41d7-b2d1-f6f902ac23c2,2
74,General Power & Light,1,,General Power & Light,2014-12-11 17:53:52.268151-05,2014-12-23 12:51:30.184253-05,20926765-8f12-43ec-ba25-723e37360798,2
75,GEXA Corp.,1,,GEXA Corp.,2014-12-11 17:53:52.270958-05,2014-12-23 12:51:30.188404-05,76a28922-75ae-4bbe-ab94-0bbef3bef4c3,2
76,Glacial Energy Holdings,1,,Glacial Energy Holdings,2014-12-11 17:53:52.273724-05,2014-12-23 12:51:30.192792-05,a33763cb-bb6d-4e38-8ab0-88dc867d0b07,2
33,Global Energy Services,1,,Global Energy Services,2014-12-11 17:53:52.150208-05,2014-12-23 12:51:30.196889-05,44731f83-a708-4cf7-ba66-a03c20cd329b,2
77,Green Mountain Energy Company,1,,Green Mountain Energy Company,2014-12-11 17:53:52.276506-05,2014-12-23 12:51:30.22586-05,89046807-c40b-41a7-9f25-6d8b70bdc176,2
78,Harvard Dedicated Energy Limit,1,,Harvard Dedicated Energy Limit,2014-12-11 17:53:52.279366-05,2014-12-23 12:51:30.230158-05,8538b4ea-8516-4bfa-990b-8abcbf09c447,2
161,Hess,1,,Hess,2014-12-11 17:53:52.536872-05,2014-12-23 12:51:30.234513-05,52a1028e-63c8-4306-b5a1-2d61bb15f90e,2
79,Hino Electric Holding Company,1,,Hino Electric Holding Company,2014-12-11 17:53:52.282328-05,2014-12-23 12:51:30.238679-05,9e2127aa-6d77-4e2b-a408-9761baf2bb55,2
80,Hinson Power Company LLC,1,,Hinson Power Company LLC,2014-12-11 17:53:52.285149-05,2014-12-23 12:51:30.242648-05,a7c844f8-1050-4c8a-a46b-f500cdcc601e,2
172,Horizon Power & Light,1,,Horizon Power & Light,2014-12-11 17:53:52.578555-05,2014-12-23 12:51:30.250658-05,fe2e83a0-c449-4892-8204-0dc5ccd3ddee,2
99,Hudson Energy Services,1,,Hudson Energy Services,2014-12-11 17:53:52.339626-05,2014-12-23 12:51:30.25463-05,f20ed009-e22f-4f8f-a71a-754c353114d6,2
82,"IDT Energy, Inc.",1,,"IDT Energy, Inc.",2014-12-11 17:53:52.290836-05,2014-12-23 12:51:30.258702-05,f9509b09-0017-4f25-bab0-a12ad045cc2d,2
36,IGS Energy,1,,IGS Energy,2014-12-11 17:53:52.15873-05,2014-12-23 12:51:30.262707-05,39b6a05e-4d7c-4c80-b6ce-18a7d8addb00,2
83,Independence Energy Group LLC,1,,Independence Energy Group LLC,2014-12-11 17:53:52.293706-05,2014-12-23 12:51:30.266681-05,14bda6d7-ec84-4655-a553-8353c9ad8ec5,2
113,Infinite Energy,1,,Infinite Energy,2014-12-11 17:53:52.38982-05,2014-12-23 12:51:30.270659-05,18b27239-0c8d-48ea-8099-91f766a380e6,2
84,"Integrys Energy Services, Inc.",1,,"Integrys Energy Services, Inc.",2014-12-11 17:53:52.296528-05,2014-12-23 12:51:30.27466-05,bed0821c-7f7c-46b0-803f-48d56455d76d,2
120,IP,1,,IP,2014-12-11 17:53:52.420011-05,2014-12-23 12:51:30.278636-05,82fa47b6-ec92-488b-ae17-ef8019ca9fb0,1
133,JCPL,1,,JCPL,2014-12-11 17:53:52.45601-05,2014-12-23 12:51:30.282585-05,55fd1cb1-68e7-4549-ab0d-a051d2522999,1
85,JP Morgan,1,,JP Morgan,2014-12-11 17:53:52.299451-05,2014-12-23 12:51:30.286603-05,dee78451-06a0-411a-b9bf-ca736656b725,2
86,Just Energy,1,,Just Energy,2014-12-11 17:53:52.302253-05,2014-12-23 12:51:30.290581-05,0237e98d-b4ec-4c56-aef6-09b604ddfce0,2
103,Liberty Power,1,,Liberty Power,2014-12-11 17:53:52.356167-05,2014-12-23 12:51:30.29459-05,e0e77240-ede4-4b63-9d33-1488e504e579,2
88,Major Energy Electric Services,1,,Major Energy Electric Services,2014-12-11 17:53:52.308012-05,2014-12-23 12:51:30.302642-05,143afaa3-b21d-4189-8479-b71138529ed0,2
89,Marin Energy Authority,1,,Marin Energy Authority,2014-12-11 17:53:52.310864-05,2014-12-23 12:51:30.306853-05,1b96378c-6c51-4ae4-961c-6e1b0e857a46,2
247,Maryland Energy,1,,Maryland Energy,2014-12-11 17:53:52.789696-05,2014-12-23 12:51:30.31074-05,08e39f5a-1c17-4079-9c33-9ea94d13a917,2
90,"MC Squared Energy Services, LLC",1,,"MC Squared Energy Services, LLC",2014-12-11 17:53:52.313703-05,2014-12-23 12:51:30.314519-05,55ee8bb3-a8ee-465f-940c-f5bf0e7e4a4c,2
126,MECO,1,,MECO,2014-12-11 17:53:52.436713-05,2014-12-23 12:51:30.318379-05,384b07e2-3d22-4799-85df-ca098a8918eb,1
91,"Mega Energy, LP",1,,"Mega Energy, LP",2014-12-11 17:53:52.316557-05,2014-12-23 12:51:30.322188-05,19c8eb72-a7bb-43d1-8d08-de0852abeab7,2
148,METED,1,,METED,2014-12-11 17:53:52.499337-05,2014-12-23 12:51:30.326074-05,b8299427-d235-4e0a-b4e0-0caa9f5ad10d,1
21,MIchigan Gas Utilities ,1,22,Michigan Gas Utilities,2014-12-08 13:21:50.144621-05,2014-12-23 12:51:30.329865-05,9d8b66f6-9b38-44d5-90ae-9e3a2a54de7c,1
38,MP2,1,,MP2,2014-12-11 17:53:52.164477-05,2014-12-23 12:51:30.333684-05,d3bb1e68-92db-4cb8-aad8-002032f5be02,2
92,"MxEnergy Electric, Inc.",1,,"MxEnergy Electric, Inc.",2014-12-11 17:53:52.319449-05,2014-12-23 12:51:30.33749-05,cb854132-d7a5-48e5-83f3-fe56eb509c40,2
163,NA Power,1,,NA Power,2014-12-11 17:53:52.553051-05,2014-12-23 12:51:30.377172-05,ce2a2c38-e7d1-4442-8f8a-7e2da996e35d,2
248,National Grid,1,32,National Grid,2014-12-12 09:46:33.017708-05,2014-12-23 12:51:30.38086-05,77132cf8-316e-4469-91af-172d187cd605,1
152,NECO,1,,NECO,2014-12-11 17:53:52.510592-05,2014-12-23 12:51:30.384568-05,fe6b391a-6232-446d-b893-e9450abd59af,1
93,NEPM II,1,,NEPM II,2014-12-11 17:53:52.32229-05,2014-12-23 12:51:30.388285-05,7662c980-c7d2-4318-8374-7c6139c8aba5,2
94,New Brunswick Power Generation Corp.,1,,New Brunswick Power Generation Corp.,2014-12-11 17:53:52.325238-05,2014-12-23 12:51:30.391933-05,155fcdc3-3aa9-4437-ac71-53af9986f6b8,2
95,New York Industrial Energy Buyers,1,,New York Industrial Energy Buyers,2014-12-11 17:53:52.328117-05,2014-12-23 12:51:30.395761-05,abcd25fc-30b6-4d34-a0cd-600d41e2278f,2
15,New York State Electric and Gas,1,32,NYSEG,2014-10-10 14:53:14.940616-04,2014-12-23 12:51:30.423916-05,d3b99b5c-76d3-4dfc-856f-6ab69cf9b7ef,1
98,NextEra Energy Services,1,,NextEra Energy Services,2014-12-11 17:53:52.33677-05,2014-12-23 12:51:30.427861-05,3d7ba955-7430-4292-b427-2df8cc6c05dd,2
136,NIMO,1,,NIMO,2014-12-11 17:53:52.46464-05,2014-12-23 12:51:30.431814-05,428cf0d0-313b-42eb-8f13-5f65fd295ce8,1
96,Noble Americas Energy Solutions LLC,1,,Noble Americas Energy Solutions LLC,2014-12-11 17:53:52.330964-05,2014-12-23 12:51:30.435601-05,b236e640-112f-47c9-b413-79123f0028d8,2
97,NOCO Electric,1,,NOCO Electric,2014-12-11 17:53:52.33395-05,2014-12-23 12:51:30.439629-05,b1cc77dc-702d-4881-8d39-cd88578b0cc4,2
111,Nordic Energy,1,,Nordic Energy,2014-12-11 17:53:52.378839-05,2014-12-23 12:51:30.443327-05,4dcf378a-311f-4686-8cd9-bf8ef2b4b9c0,2
160,NOVEC Energy Solutions,1,,NOVEC Energy Solutions,2014-12-11 17:53:52.533948-05,2014-12-23 12:51:30.447107-05,8e8370c0-41dd-4327-b1a5-01d3b5304dc6,2
28,NRG Energy,1,,NRG Energy,2014-12-11 17:53:52.135793-05,2014-12-23 12:51:30.450812-05,ccaa8361-644e-406c-9bef-e50ff6cb6c4a,2
137,NYSEG,1,,NYSEG,2014-12-11 17:53:52.467565-05,2014-12-23 12:51:30.454945-05,5443aa1e-f76f-4ed3-a52b-8a00ae73e5d4,1
202,NYSEG Solutions Inc,1,,NYSEG Solutions Inc,2014-12-11 17:53:52.663229-05,2014-12-23 12:51:30.458688-05,6cd6e1a5-b6bd-46a7-b703-71e70fc1b9c7,2
155,ONC,1,,ONC,2014-12-11 17:53:52.519572-05,2014-12-23 12:51:30.487636-05,2e08ee6d-1761-4270-a635-54b94b98ef01,1
203,OnPAC Energy,1,,OnPAC Energy,2014-12-11 17:53:52.666052-05,2014-12-23 12:51:30.49143-05,085397b9-02da-4ea6-893c-acf0ad7ac4f3,2
143,OPCO,1,,OPCO,2014-12-11 17:53:52.485409-05,2014-12-23 12:51:30.495171-05,9352609b-74bb-467d-939f-545c745e182a,1
138,OR,1,,OR,2014-12-11 17:53:52.47045-05,2014-12-23 12:51:30.498874-05,a8deb4bc-26c6-40b1-b131-1b49941d4619,1
204,Our Energy LLC,1,,Our Energy LLC,2014-12-11 17:53:52.668817-05,2014-12-23 12:51:30.502879-05,f7915b39-11e4-4e9b-af98-c6da4be839bb,2
205,Palmco,1,,Palmco,2014-12-11 17:53:52.671642-05,2014-12-23 12:51:30.506649-05,dbb0d790-e633-49fa-a752-445d6ec09c76,2
206,PBF Power Marketing LLC,1,,PBF Power Marketing LLC,2014-12-11 17:53:52.6745-05,2014-12-23 12:51:30.510394-05,77a36681-d8d1-49bc-804d-126f21d50bae,2
8,PECO,1,38,PECO,,2014-12-23 12:51:30.514088-05,72d7ae71-14c2-489b-ab33-3f27bb0ed7ff,1
149,PENELEC,1,,PENELEC,2014-12-11 17:53:52.502151-05,2014-12-23 12:51:30.54211-05,b2dd80d4-e71d-411e-b1b6-852d24c0829d,1
207,Penstar Power,1,,Penstar Power,2014-12-11 17:53:52.677293-05,2014-12-23 12:51:30.545848-05,7b8a1d8e-22e4-447f-b887-2e8126cb4592,2
1,Pepco (DC),1,8,Pepco,,2014-12-23 12:51:30.549582-05,423a74f2-890f-4645-9103-66e05228726a,1
7,Pepco (MD),3,20,Pepco,,2014-12-23 12:51:30.553248-05,5f4bbda1-fdfa-4832-93cc-32d27c3edd9f,1
9,PGW,0,38,Philadelphia Gas Works,,2014-12-23 12:51:30.556895-05,319f8ee5-768a-43ab-b03c-ac6b5a277918,1
13,Piedmont (PA),1,38,Piedmont,2014-09-29 15:45:02.145558-04,2014-12-23 12:51:30.560581-05,599cd4ac-b597-41dc-bac5-55e94199d3e7,1
208,Pilot Power Group Inc,1,,Pilot Power Group Inc,2014-12-11 17:53:52.680102-05,2014-12-23 12:51:30.564286-05,39806e61-338d-4d8d-80c7-3856505d8b32,2
35,Ping Energy,1,,Ping Energy,2014-12-11 17:53:52.155877-05,2014-12-23 12:51:30.567946-05,8462ef2e-8cfe-4ac4-9207-c04acc9ad8f3,2
209,"Plymouth Rock Energy, LLC",1,,"Plymouth Rock Energy, LLC",2014-12-11 17:53:52.682916-05,2014-12-23 12:51:30.571599-05,2998c672-95af-4310-9767-af0cb1d1571a,2
210,PNE Energy Supply LLC,1,,PNE Energy Supply LLC,2014-12-11 17:53:52.685686-05,2014-12-23 12:51:30.575522-05,6cc08912-db22-4893-93a6-54e2a31e2cda,2
165,PO,1,,PO,2014-12-11 17:53:52.558694-05,2014-12-23 12:51:30.579259-05,a4aab037-24c5-4315-94a0-b3a1db3b548a,1
211,"Potentia Energy, LLC",1,,"Potentia Energy, LLC",2014-12-11 17:53:52.68855-05,2014-12-23 12:51:30.58294-05,45b35dad-1f79-40d1-b0cb-c9272cf713f3,2
110,PotomacEdison,1,,PotomacEdison,2014-12-11 17:53:52.375989-05,2014-12-23 12:51:30.586635-05,b5afaac3-df9e-4aff-aba0-b6aefadfd7a3,1
12,Potomac Edison (MD),1,20,Potomac Edison (MD),2014-09-22 17:39:42.438809-04,2014-12-23 12:51:30.590304-05,f1d72f87-c1bc-4965-9782-3b640ed03d6c,1
212,Power Choice/Pepco Energy Serv,1,,Power Choice/Pepco Energy Serv,2014-12-11 17:53:52.691346-05,2014-12-23 12:51:30.594045-05,78dd34a4-6410-454b-a0e8-1032328c1dc3,2
150,PP,1,,PP,2014-12-11 17:53:52.50492-05,2014-12-23 12:51:30.597993-05,0a6bdea2-16c4-4acc-8962-ac98005ee67a,1
151,PPL,1,,PPL,2014-12-11 17:53:52.507815-05,2014-12-23 12:51:30.601663-05,2f79cb6e-e390-4cb4-8f52-53038db5377f,1
175,PPL Electric,1,,PPL Electric,2014-12-11 17:53:52.587241-05,2014-12-23 12:51:30.605351-05,59eb3c90-9b46-4181-b2c5-834a164f1023,1
18,PPL Electric Utilities,1,,"",2014-11-04 17:16:37.001238-05,2014-12-23 12:51:30.609295-05,e6b8d934-a957-4280-9e1f-f39d8804ca74,1
213,PPL EnergyPlus LLC,1,,PPL EnergyPlus LLC,2014-12-11 17:53:52.694158-05,2014-12-23 12:51:30.613166-05,d6857186-1833-4d02-aa8f-e9bce36375cd,2
32,ProEnergy Services,1,,ProEnergy Services,2014-12-11 17:53:52.147324-05,2014-12-23 12:51:30.616859-05,2f10bcdd-4804-4523-befe-978f665b8111,2
130,PSEG,1,,PSEG,2014-12-11 17:53:52.447746-05,2014-12-23 12:51:30.620556-05,d12548c2-974d-446c-8dda-66fade2cfacf,1
214,Public Power LLC,1,,Public Power LLC,2014-12-11 17:53:52.696998-05,2014-12-23 12:51:30.624413-05,46e4e827-5c90-4670-9527-a2b21cb709fd,2
108,Public Power & Utility of Maryland,1,,Public Power & Utility of Maryland,2014-12-11 17:53:52.370316-05,2014-12-23 12:51:30.628127-05,5c5d77aa-05c3-422f-8f86-742eac5d5404,2
215,"Reach Energy, LLC",1,,"Reach Energy, LLC",2014-12-11 17:53:52.699792-05,2014-12-23 12:51:30.631839-05,36928787-4258-4e06-863b-1f5850e533ca,2
131,RECO,1,,RECO,2014-12-11 17:53:52.450493-05,2014-12-23 12:51:30.635536-05,0f1c198e-d9bf-4121-9948-554d810dded0,1
216,"Reliable Power, LLC",1,,"Reliable Power, LLC",2014-12-11 17:53:52.702594-05,2014-12-23 12:51:30.639244-05,d15b18ea-2643-4056-85d0-5903a33647dc,2
217,Reliant Energy Retail Services,1,,Reliant Energy Retail Services,2014-12-11 17:53:52.705403-05,2014-12-23 12:51:30.643183-05,dae60a4e-5754-46b2-a7a1-a67545a492ca,2
139,RGE,1,,RGE,2014-12-11 17:53:52.473283-05,2014-12-23 12:51:30.647149-05,ff483c7d-47b6-4c6d-8dba-ad494cf7fb87,1
218,"Robison Energy, LLC",1,,"Robison Energy, LLC",2014-12-11 17:53:52.708221-05,2014-12-23 12:51:30.650968-05,306bcbca-2ad3-477d-b0ef-06408ead890a,2
17,Rochester Gas and Electric,1,32,RGE,2014-10-15 16:16:25.146155-04,2014-12-23 12:51:30.654777-05,45233024-cee8-4200-924d-2cc98ebef545,1
22,SEMCO Energy,1,22,SEMCO Energy,2014-12-08 13:22:04.839952-05,2014-12-23 12:51:30.65896-05,2175d97e-e2ad-4c17-8dc6-72b082db0348,1
219,"Shell Energy North America (US), L.P.",1,,"Shell Energy North America (US), L.P.",2014-12-11 17:53:52.711011-05,2014-12-23 12:51:30.662675-05,5d4221f7-79a1-47b4-a2bb-f34e3d7d7ff8,2
221,"SmartCom Energy Services, LLC",1,,"SmartCom Energy Services, LLC",2014-12-11 17:53:52.716588-05,2014-12-23 12:51:30.66633-05,0153299a-bcd4-4a06-94fe-5720806b0505,2
25,Smart One Energy,1,,Smart One Energy,2014-12-11 17:53:52.115997-05,2014-12-23 12:51:30.66998-05,15fec7f3-ba96-4159-a8ab-a67f327f01e5,2
220,Smart Prepaid Electric,1,,Smart Prepaid Electric,2014-12-11 17:53:52.713781-05,2014-12-23 12:51:30.673712-05,a9262bd1-9d1b-4af3-8a9a-e9e9c01e29da,2
26,SMECO,1,,SMECO,2014-12-11 17:53:52.118913-05,2014-12-23 12:51:30.677381-05,752d3e12-e63f-4c74-ae88-6cfb8d8287cc,1
29,Source Power and Gas,1,,Source Power and Gas,2014-12-11 17:53:52.138694-05,2014-12-23 12:51:30.681161-05,ae161d0c-0a22-409b-8296-cefc7e4f20d1,2
169,Southern California Edison,1,,Southern California Edison,2014-12-11 17:53:52.570142-05,2014-12-23 12:51:30.686693-05,35402132-7fbb-46c1-ae63-503355e136ca,1
11,Southern Maryland Electric Cooperative,1,20,Southern Maryland Electric Cooperative,2014-07-07 17:30:12.323227-04,2014-12-23 12:51:30.690564-05,64a1c967-5956-4b73-b13b-cc3e52eca38e,1
222,South Jersey Energy Company,1,,South Jersey Energy Company,2014-12-11 17:53:52.719376-05,2014-12-23 12:51:30.71952-05,d1f552f2-7289-49ad-93fe-07c41379d446,2
223,"Spark Energy, LP",1,,"Spark Energy, LP",2014-12-11 17:53:52.72215-05,2014-12-23 12:51:30.725548-05,7145b153-7e76-41e9-bdb5-80ebaaa20988,2
224,"Spartan Renewable Energy, Inc",1,,"Spartan Renewable Energy, Inc",2014-12-11 17:53:52.724935-05,2014-12-23 12:51:30.729573-05,4763e6fd-aa01-43fd-8433-1c05d94ed803,2
171,Standard Offer Service,1,,Standard Offer Service,2014-12-11 17:53:52.57572-05,2014-12-23 12:51:30.733532-05,d74dbab2-547f-49ea-a029-13b1f2fc3ea7,2
174,Starion,1,,Starion,2014-12-11 17:53:52.584447-05,2014-12-23 12:51:30.737588-05,3a49c1aa-3e42-415f-839c-4cd56e57f8ce,2
225,StarTex Power,1,,StarTex Power,2014-12-11 17:53:52.727735-05,2014-12-23 12:51:30.741681-05,228aba7b-44a5-49d1-894e-9e93a35ebc6e,2
173,Stream Energy,1,,Stream Energy,2014-12-11 17:53:52.581563-05,2014-12-23 12:51:30.745569-05,c1014d8a-b7bc-4db5-b622-f3cfbf26a559,2
226,Suez Energy Resources North Am,1,,Suez Energy Resources North Am,2014-12-11 17:53:52.730531-05,2014-12-23 12:51:30.749422-05,d8af8b4d-ad19-46a4-ad08-1c97f9aa52a9,2
227,Summer Energy LLC,1,,Summer Energy LLC,2014-12-11 17:53:52.733297-05,2014-12-23 12:51:30.753234-05,46c2fe5a-6625-49c8-8484-ca1750c7a832,2
228,Tara Energy Resources,1,,Tara Energy Resources,2014-12-11 17:53:52.736117-05,2014-12-23 12:51:30.757018-05,ba7ef6a5-2bf5-403f-a5b2-28b535bbfeb1,2
229,Tenaska Power Services,1,,Tenaska Power Services,2014-12-11 17:53:52.738957-05,2014-12-23 12:51:30.760782-05,04f3b5a1-ce59-4be9-b98f-9a8659ca1486,2
230,Texas General Land Office,1,,Texas General Land Office,2014-12-11 17:53:52.741779-05,2014-12-23 12:51:30.789753-05,a687d824-3297-4b5b-aee7-1c2a8b36c047,2
231,"Texas Power, LP",1,,"Texas Power, LP",2014-12-11 17:53:52.744557-05,2014-12-23 12:51:30.793695-05,c6e21160-5f9a-4816-8b82-21b338b16291,2
232,"Texas Retail Energy, LLC",1,,"Texas Retail Energy, LLC",2014-12-11 17:53:52.747347-05,2014-12-23 12:51:30.797448-05,87eb13d6-ac3d-44e0-8740-c37aa74f6505,2
170,The Gas Company,1,,The Gas Company,2014-12-11 17:53:52.572915-05,2014-12-23 12:51:30.801242-05,5faa3d83-2e5a-4afe-a621-096eebd796ac,1
166,THINK,1,,THINK,2014-12-11 17:53:52.561488-05,2014-12-23 12:51:30.805032-05,032bd011-2709-4fdd-8116-c020265d175f,2
31,Tiger Energy Services,1,,Tiger Energy Services,2014-12-11 17:53:52.144463-05,2014-12-23 12:51:30.8087-05,5c5f9563-c27f-44cd-817f-78ffd57c361d,2
156,TNMP,1,,TNMP,2014-12-11 17:53:52.52237-05,2014-12-23 12:51:30.812424-05,51498ce4-1be7-492c-9b1d-7fbcad7ec805,1
233,"TransCanada Power Marketing, Ltd.",1,,"TransCanada Power Marketing, Ltd.",2014-12-11 17:53:52.75015-05,2014-12-23 12:51:30.81617-05,10ed7247-2280-4638-81a8-4e1d9111dae2,2
234,"TriEagle Energy, L.P.",1,,"TriEagle Energy, L.P.",2014-12-11 17:53:52.753024-05,2014-12-23 12:51:30.820448-05,cb5a5e4a-d2dd-48d5-a492-e8de0ca198e9,2
235,True Electric LLC,1,,True Electric LLC,2014-12-11 17:53:52.755849-05,2014-12-23 12:51:30.82452-05,4728df25-dcbd-47f4-9878-b99a0edef04c,2
14,TXU Energy,1,43,TXU Energy,2014-10-07 17:27:25.844351-04,2014-12-23 12:51:30.853544-05,58054e15-c45a-496b-8d93-72f471c3073c,2
102,UGI EnergyLink,1,,UGI EnergyLink,2014-12-11 17:53:52.353352-05,2014-12-23 12:51:30.857671-05,a8efdf35-faf8-4814-a998-999f363f26e4,2
159,UGI (Utility),1,,UGI (Utility),2014-12-11 17:53:52.531051-05,2014-12-23 12:51:30.86199-05,cf4d5f12-a7d5-455d-a0e6-8a8d150b46f1,1
116,UI,1,,UI,2014-12-11 17:53:52.408828-05,2014-12-23 12:51:30.865941-05,29c76a30-ab24-4155-8078-378f331afc11,1
237,"UP Power Marketing, LLC",1,,"UP Power Marketing, LLC",2014-12-11 17:53:52.761448-05,2014-12-23 12:51:30.869985-05,0718cd9b-9a10-4ffb-978c-abd498a55503,2
236,U.S. Energy Partners LLC,1,,U.S. Energy Partners LLC,2014-12-11 17:53:52.758647-05,2014-12-23 12:51:30.873953-05,214e480a-d331-49c3-9b5c-1630f7a59b7b,2
238,"US Retailers, LLC",1,,"US Retailers, LLC",2014-12-11 17:53:52.764249-05,2014-12-23 12:51:30.878074-05,7e5af2cd-0994-4c1f-b0c3-8d5010241ae7,2
239,Veteran Energy LLC,1,,Veteran Energy LLC,2014-12-11 17:53:52.76706-05,2014-12-23 12:51:30.882116-05,e892a981-1065-47c3-8502-26ee18c59904,2
240,Village of Hilton,1,,Village of Hilton,2014-12-11 17:53:52.769839-05,2014-12-23 12:51:30.886018-05,a6e474fa-b43e-47eb-888c-5bae5ebfaf1e,2
241,Viridian Energy LLC,1,,Viridian Energy LLC,2014-12-11 17:53:52.772622-05,2014-12-23 12:51:30.890117-05,2ec8e5de-280c-4a37-8a42-1cdc1f9b35d7,2
158,Washington Gas,1,,Washington Gas,2014-12-11 17:53:52.528179-05,2014-12-23 12:51:30.893962-05,285992ef-515e-4426-bab2-55e0975d1d5a,1
0,Washington Gas (DC),2,8,Washington Gas,,2014-12-23 12:51:30.923527-05,2ac56bff-fb88-4ac8-8b7f-f97b903750f4,1
4,Washington Gas (MD),4,20,Washington Gas,,2014-12-23 12:51:30.927381-05,e1cb8702-3889-49f3-ba2f-ca99466c052f,1
6,Washington Gas (VA),1,46,Washington Gas,,2014-12-23 12:51:30.931228-05,4963e6c0-1069-4172-999a-5e8edd09766b,1
162,WGES,1,,WGES,2014-12-11 17:53:52.539717-05,2014-12-23 12:51:30.935125-05,ab12c96e-646f-42a8-88b6-54f7d89273dd,2
242,Withheld,1,,Withheld,2014-12-11 17:53:52.775465-05,2014-12-23 12:51:30.939032-05,37dd3d97-a953-494d-9516-72cd06978d84,2
127,WMECO,1,,WMECO,2014-12-11 17:53:52.4395-05,2014-12-23 12:51:30.942944-05,e6c0327e-aafa-4ed4-bd10-90cadce0fa67,1
243,"Wolverine Alternative Investments, LLC",1,,"Wolverine Alternative Investments, LLC",2014-12-11 17:53:52.778299-05,2014-12-23 12:51:30.946748-05,cadc785e-b494-4a5e-9171-24e01a98880a,2
34,World Energy,1,,World Energy,2014-12-11 17:53:52.153001-05,2014-12-23 12:51:30.950547-05,e60712ef-086a-471b-ae5a-92a5dc0bc033,2
146,WPP,1,,WPP,2014-12-11 17:53:52.493743-05,2014-12-23 12:51:30.954363-05,ffadd81e-455a-476a-a6f1-3655a6ad9f92,1
164,WTU,1,,WTU,2014-12-11 17:53:52.555887-05,2014-12-23 12:51:30.958294-05,a97cc653-fd48-4a7c-9f9a-09c47c3b930b,1
244,"WTU Energy, LP",1,,"WTU Energy, LP",2014-12-11 17:53:52.781133-05,2014-12-23 12:51:30.962174-05,59a62dd7-29a5-4669-8787-69f01284ada5,2
106,XOOM Energy,1,,XOOM Energy,2014-12-11 17:53:52.364718-05,2014-12-23 12:51:30.966205-05,520a2dfc-4eae-4d67-837d-7466c6a286fa,2
245,"Young Energy, LLC",1,,"Young Energy, LLC",2014-12-11 17:53:52.784019-05,2014-12-23 12:51:30.994684-05,1c1b8448-738b-49c6-b9e8-18c63bb08424,2
255,NSTAR Electric,1,,NSTAR Electric,2014-12-29 11:22:36.655504-05,2014-12-29 11:26:37.327067-05,831f6c4f-22d5-4899-b7ea39fdbbdd831e,1
