4600 Connecticut Avenue Condominium,FF65FB37-58C0-4358-AF00276D5FE0BFCD,03-08-2013T15:09:23
Boston House Condominium,80074E4D-4844-4CE3-99EAC85C180356B9,03-08-2013T15:09:23
Jim McInerney,DCCA9027-061A-4979-95449B5B12061D05,03-08-2013T15:09:23
Sanford Capital,24A35AB9-FF5C-4660-88A01F04AB5100B3,03-08-2013T15:09:23
Webster House Condominium Association,4D2CF7E4-708D-4B5E-969837EE029F833B,03-08-2013T15:09:23
Demers Real Estate,A2BF2761-7355-47DC-BA37E05BC95D644F,03-08-2013T15:09:24
2600 Pennsylvania Condominium Association,F536506F-3CE6-4D7C-BF694DA314A130F9,03-08-2013T15:09:46
Union Kitchen,857936AE-714C-4989-00F503EF9E50C733,07-11-2013T10:30:08
The Scott Group,3599992E-E9F4-439D-82D3E968332759CE,14-01-2014T08:48:15
Self Storage Services Inc.,AF6BE956-C576-4194-AA48FEFC7385E604,08-04-2014T15:14:45
Blue Hill Partners,BF029BF2-5342-48C4-BAAF2F5530B429C0,15-04-2014T09:07:35
Chesapeake Bay Roasting Company,B273BEDF-68FD-4FF2-8060EECC7404BFE2,18-04-2014T16:12:05
Laredo Grill,0132C6F6-AE9A-4564-868E80543CC01C1B,15-07-2014T12:19:19
China Gourmet,AB3D3538-6347-4B1E-B589953296F84BBD,17-07-2014T11:51:00
Teriyaki Express,F42004DE-922C-4875-AD8400281012E440,17-07-2014T11:59:41
Food and Beverage Express,D74B45EB-9373-4645-A5D2C7C0ADFFC108,17-07-2014T12:16:33
Meiwah Restaurant,D055D1BA-94F4-4C3D-B957C14422A06C21,17-07-2014T12:28:59
Wayside Farm Market,F95AAC21-15FC-41CD-A2AD9233B13821E5,17-07-2014T12:36:54
Dana Bazaar,2E8E3B53-E239-4408-A900BCEAC4258F00,17-07-2014T12:43:00
Caribbean Market,FF3C4FA1-14B6-4E99-9F84ACFF00951192,22-07-2014T14:16:10
Pho Bistro,90191498-92A7-40A3-97F75703403F615C,22-07-2014T15:03:47
Sushi Chalet,3A8D2F00-4ABD-4CFD-B6F376CAD1B815C6,22-07-2014T15:26:42
Wok Express,EE55FE5E-7199-4553-A1A682621C1E9298,22-07-2014T16:38:55
Hola Beer and Wine,B888FDC7-95A5-494D-BD2F326F17114C87,23-07-2014T09:26:34
Shiraz Grocery,7BD371C2-546A-46AF-0000E1A915E6E173,23-07-2014T10:11:42
A Plus Adult Medical Daycare Center,00987452-9D53-4AC8-988910F2FACAA9A0,23-07-2014T18:06:53
Hunan To Go,65B7D39E-6D04-4290-9CE9FB5B1BC39847,24-07-2014T09:15:50
Dannys Sub Shop,3E6B7F68-C840-493E-81C40940F7872B56,28-07-2014T11:18:59
El Esperah Zanano,16F7B541-C70A-40D8-80EFA88B404003D,28-07-2014T12:14:37
Levi's,39A9617B-14CC-4921-9162FE04D9F0BDC5,28-07-2014T12:26:41
Manna Corp Deli Inc,FD1B1DF6-C3C7-48E9-9900BDF1498279F7,28-07-2014T14:15:47
Penang Star,DD26BA28-22FA-4574-BEB541F2B0207B38,28-07-2014T15:06:36
Super Convenience Store,3AFD5DB3-06F0-4D5B-A1505E1CCCA9948B,28-07-2014T15:37:55
Wow Cow,43443247-E2D9-4E2D-A02CDF7EB1109B00,28-07-2014T15:39:37
Sweetz Cheese Cake,A1A44479-54CF-4E03-9819538844E01047,28-07-2014T16:28:30
Montgomery Ice Corp - Talberts,DD35F0D2-F246-4583-93F7567E89E153C5,28-07-2014T17:11:44
Vasilis,21300300-83FB-4B54-00996D23113665F3,29-07-2014T14:11:35
Yamas Mediterranean Grill,F46DBD45-7868-4449-B0A3B75618F0C1F3,29-07-2014T18:35:31
Yong Lee,BE77A44C-FB32-45E1-96F1C561D3D29557,30-07-2014T16:39:46
Teds 355 Diner,66BADA38-99EF-4A33-80536FC874F9E72B,31-07-2014T09:16:41
Love Sushi,93B5C1BB-2914-4F59-91EE4B2DDE829FA6,31-07-2014T11:54:28
Nicks Chophouse,BB17E787-5C88-4DB3-B03DB54D00F0F2C0,31-07-2014T13:21:26
Thai Farm,134BAFA4-7408-4839-B7B7315D2B80E700,31-07-2014T15:57:24
Bethesda Market,81D3EB37-72C8-4390-A15375A7A9A0000,05-08-2014T08:39:11
Chicken Basket,A01E797C-E3B6-434F-ACC1632FF3BADEBE,05-08-2014T09:43:43
Muddy Branch Beer and Wine,EB905E45-1219-4410-9395BC5FDA6B8900,05-08-2014T14:10:36
Gude Deli,E0288580-84EC-4F80-B9AAF6F28E5C06F0,05-08-2014T14:40:16
Tony Lin's Kitchen,5CB47AEA-94BA-4B09-8F93922C6425724E,05-08-2014T17:07:39
Jonathan Sports Pub,7804937D-3FB6-4FAB-A9D66F49FDBC8268,06-08-2014T10:02:30
Pizza Castle,68A0A308-BCD0-4EC4-8BC439DFEB076BC1,06-08-2014T13:13:19
Silver Spring Beer Wine & Deli,F3E085E2-845B-4BFD-9247E1D300C06679,06-08-2014T13:31:02
The Menkiti Group,D0B03FE0-B31F-4C7A-96DD547054AD547F,06-08-2014T14:13:52
That's Amore Restaurant,05C2E0CF-BEC1-4F14-B313A79F6871071C,07-08-2014T10:02:14
Nava Thai,4F42274C-3AC2-4E89-A4627F1BD41DED1B,07-08-2014T10:40:11
A&H Seafood Market,F5E6D3A7-A8B4-4596-AE0000B8AAABADA7,08-08-2014T13:16:12
El Esteron,2EC95496-55E1-4C58-005579953763E9B0,08-08-2014T14:02:22
El Amate 2,3F7938FB-618A-409F-8ED89CD14D255820,08-08-2014T14:22:00
Ruan Thai,E79D297C-08D6-482D-B9837859316777E5,08-08-2014T14:29:50
Galaxy Sports Bar,0A3CC359-8FA0-49FF-9E44EA99FACFDDED,08-08-2014T14:41:42
Pupuseria Emily,8D2D2222-BC7E-4819-B3B4A2067B42FEA3,08-08-2014T15:30:11
Shah and Patel,AF1AFDC5-961E-49D5-B766606926B84B1C,08-08-2014T15:53:57
Benjarong Thai Restaurant,AF25EB96-DB9E-44B1-8555F7D89152E1BC,11-08-2014T09:26:20
Asia Caf�,8B76AA1F-BE40-4F33-96F019EFAB0006A2,11-08-2014T09:47:12
Howard Avenue Deli,0C2B5DF0-7EB9-48D4-983D7448E0A0B980,11-08-2014T11:45:06
Super Noodle House,0E17AA9F-9991-4197-BEE0A5A8A2E9CE6,11-08-2014T18:08:58
Mama Wok & Teriyaki,FF1E1B23-D92A-4286-BC280862FE76300,12-08-2014T14:30:43
Kaiserman Company,FA6C20B4-4912-4347-856C2F81268361EF,12-08-2014T17:55:51
Emily's Restaurant,5D8C51A6-32A1-4070-AE1B83ADB5FB11BC,13-08-2014T08:30:05
Old Kimura Sushi,EEC6F168-5BA2-4EEE-BAD26C1152DB5EB,13-08-2014T09:08:47
Kapampangan,26AF2D32-6400-4AA2-987FE541E9001DF0,13-08-2014T17:18:21
El Mariachi Restaurant,60A30475-A819-4C88-893987AD21051925,13-08-2014T17:50:34
Tommy Joes Inc,15D6D684-D53C-42F1-8BACFA5FAF46E6DB,14-08-2014T12:23:24
Food Express,7DE697F3-C51D-49FA-8E7780AAFB0C877,14-08-2014T16:42:17
Bacchus Bethesda,477FFCD8-60F2-4D33-A925829012E9F086,14-08-2014T17:09:33
Cuzco Restaurant,6D0F5112-273E-4859-AE9035005059A08E,15-08-2014T08:52:26
Armenian Apostolic Church of Greater Washington,3D50DB60-77EB-43F3-A1A945FACD8FD477,15-08-2014T09:08:22
North China Restaurant,599CE2F4-581C-4FFC-8294E62D6806FAFD,18-08-2014T13:49:22
Mission,E76BF18A-ABF3-410A-949485816E34A21E,18-08-2014T13:56:38
Szechuan Palace,1292BD04-F364-4BE0-906200A238C8A678,20-08-2014T08:25:44
Downtown Beer and Wine Corp,E36D8958-5D5D-4892-B0DDCBC155421EC3,21-08-2014T10:06:13
Olney Ale House,7EA94B59-A9B6-412B-BBB86034345743B3,22-08-2014T09:23:17
La Penetteria Restaurant,EB9DCB9E-D1C2-4740-ADABFD0040833438,22-08-2014T09:24:32
India Bazaar,CF4FAB90-DCA9-4175-96020413F4AFB704,25-08-2014T09:11:56
CMC Const Inc.,050C0AD4-5E24-481A-B91B00B7C3005C06,25-08-2014T13:13:55
China Jade Restaurant,61E9D3CB-0F5C-4D4A-9C5E32CAA25F1FE7,01-09-2014T10:12:20
Sir Walter Raleigh Inns Inc.,5D268030-AC9D-4756-81D400D18EB564B,01-09-2014T10:22:35
Tutti Fruitti,C4599A0A-321C-46A0-94E9D914F429EEB,01-09-2014T11:41:11
Woodmoor Pastry Shop,20958217-0E2F-4A51-85664CA0981B4EB,01-09-2014T12:50:08
North Creek Villas Condominium Association,33CBCC26-6F7D-4B48-95D6709EDD8002A9,01-09-2014T13:06:17
Yu Zhou Caf�,524AF4CB-91E0-4C20-99B2815234155B14,02-09-2014T11:29:46
The Cellar D'Or,3E58CA50-038F-40EC-A0CE1DAB50761FA1,03-09-2014T10:51:04
G. E. Frisco Company,08F5B111-98A1-448B-9F5E76C330199FF6,04-09-2014T10:32:44
Mi La Cay,E8985532-FE4C-4DDB-8C8E8888264955A,05-09-2014T09:41:50
Steamers Seafood House,E20FD527-9F39-44C2-99C5C55D1CAF85D,05-09-2014T14:12:26
Gaitherstowne Beer & Wine,3F52D856-5AD7-4295-AD32A366D1E78942,09-09-2014T09:22:09
Suhani Corp-EZ Food Mart,C4D5023E-77F8-489B-A8683CCCA731C354,10-09-2014T09:21:05
Middle East Bakery Inc,A92A26AB-CC3A-4F54-A3D33273F1E7A1E0,10-09-2014T10:35:45
Potomac Fine Foods,080A0421-FE22-403E-88DB2DE1DD80E8C7,11-09-2014T10:35:42
Micky's Restaurant,BDD6051C-B3CF-44BA-B76CA970FAA0D14B,11-09-2014T11:23:59
Taj Caterers of Maryland LLC,B9A78993-FA5F-46D2-82AA23FDEC18677,11-09-2014T17:15:18
Cismontane Brewing Company,00995150-0649-4C33-9246F997A97DF04,12-09-2014T09:11:29
T & J Liquor,651E6F32-2E02-4902-88FB22035C5E72BB,12-09-2014T14:47:04
Friendly Food Mart,3DFBF164-FA9C-4DEF-9700F369CAC2E6C8,12-09-2014T16:30:43
Piao and Liang Company Inc.,C75AB64D-BD0A-47E7-8EB445FB49472B47,15-09-2014T09:08:44
Mark's Kitchen,B1A3269E-3305-489C-A408FEA1231767A2,15-09-2014T10:31:12
Solar Energy Services,C1A488D0-40A8-4B5B-8C806D7D191BB4C5,15-09-2014T11:25:13
Crazy Down Home Seafood,4F6DFDF8-7E53-4003-9DEFD591E3178C74,15-09-2014T12:54:09
Lee's Restaurant,383CA6A0-9959-47E6-8F45F5F28D1E91CA,15-09-2014T14:38:35
Down Home Seafood,5C125463-89EF-4A26-BEB8BC8DE773A673,15-09-2014T16:49:12
Frank's Tavern Liquors Inc,B29FBC74-70BC-4693-8CE8358FEA00541,16-09-2014T14:20:37
America's Best Value Inn Vallejo,E236F924-5DB7-4B31-A4688BE2B62967F4,17-09-2014T17:03:41
Tri Star Lodging LLC,2DEEBA22-0176-4E13-A38B566C96610032,17-09-2014T17:14:39
Chardonnay Lodge,B95CC966-0CE7-4696-A10071F8CF00DD80,17-09-2014T17:15:45
Rajan Investments,6020AAC5-C635-41A8-AABCC51711B039F6,17-09-2014T17:22:41
Classic Bakery,EBB8B093-332F-43BC-8D70ECC0EE0997AB,18-09-2014T11:11:18
Hot Breads Bakery,90229EFB-B109-44CC-92C163D5B1EB1B23,19-09-2014T11:04:33
Diversity Latin Market,8C097601-76FB-4B44-991594C99104C9B1,22-09-2014T08:14:46
Addisu Gebeya,37E94D61-01B0-4F9F-987B95A8E52E9833,23-09-2014T08:50:53
The Greek Place,E1A2F056-3911-4543-AFFB3C89C7DCBDFE,23-09-2014T09:21:31
Goldberg's Bagels,AA258A3C-E8C9-45AD-9B8481D8962DA542,23-09-2014T09:23:18
Pizza Leo,BDA2624E-D0BF-40D5-98D63CA322DF8F54,23-09-2014T10:07:03
The Daily Dish,6F921E1F-6E57-4AB2-A743658779EDDD88,24-09-2014T08:37:31
Sushi Oishii,E767C056-F45C-4EDC-844E16B3006B4313,24-09-2014T10:19:06
Mary's Italian Cuisine,ECCB70B4-C095-4526-A650D9DEAB00C2C0,24-09-2014T11:46:50
Meads Liquor,60479EE5-FD35-4E87-94DB90B5B1863203,24-09-2014T14:18:23
Meridian Market and Wine,9534E4D5-EE8C-4799-9BF4DA435741841E,24-09-2014T14:31:30
Rainbow Sushi,75CB3D83-6638-4931-A4855C55FC16DC17,24-09-2014T15:48:52
Red Star Carry Out,7C963372-B27A-4699-A876F26B3694F3AA,24-09-2014T16:49:56
Menchies,4FD9D5B0-BD81-48B9-9892C50075428254,26-09-2014T09:34:30
House of Chang III,D026B4E4-9597-42EC-A63BEBD940E3CE8F,29-09-2014T11:27:04
El Amigo Grocery,99D6E3B5-F399-440B-818F04F0A7F4403E,29-09-2014T11:54:27
Beauty Supply,C274584D-E0BD-4A72-BAD3D205014D15DA,29-09-2014T12:14:03
United Wine and Spirits,76DBDE6A-A0D8-4F22-9419D5E56B918C4,02-10-2014T08:30:32
Tropical Ice Cream Caf�,F86295EA-B99D-4C2A-948E9693E5495876,02-10-2014T08:41:59
Spring Beverages,FBAED7E8-FA5C-46B4-A6593D840096DF81,02-10-2014T09:56:08
Woodmoor Supermarket,A85B003C-3ECF-4E9C-8F04C7C817F3B44,02-10-2014T11:05:53
Zam Zam Market,B5295539-8192-45D3-8DA9F25BBBDBBC00,02-10-2014T13:33:42
Caf� Express,4709B25A-0FE6-4C13-BA32240785F59E8F,02-10-2014T15:58:21
Red Ginger,6B7A9076-135A-4A32-94C2C9D16C680033,03-10-2014T10:39:33
29 Convenience Mart,AB2435FB-9C30-4057-8B4358FF13D34BA,03-10-2014T10:42:00
Olympia Cafe,B0B1640B-D58A-44C9-AE77B8FD6563FCE9,03-10-2014T11:44:01
El Pulgarcito Latino,5B1B63D7-6FE1-4215-B3C1E057A5DEC9FB,06-10-2014T08:25:07
Jenny Cakes,3134C4F1-4B0C-4541-9C198846C2BAA8FB,06-10-2014T09:15:13
Officelink,8131C10C-1FF1-4A38-9100C0DC28FCF55B,06-10-2014T09:19:56
Taphouse,E1D3B532-2874-4C4D-B99E8C15EFE64E20,06-10-2014T09:40:26
J and C Deli,21898DEF-5C34-4ABE-B844B623AA226BFD,07-10-2014T09:21:59
Steve's Beer and Wine,96F5FE86-837B-4AA4-AD61ED4683504741,07-10-2014T16:32:49
Avenue Exxon,59DDD81D-49F3-4E2D-B8302EE980360089,07-10-2014T16:44:35
Bodega,B847964B-7B18-4147-AE6D9CDCC8A2DDBE,08-10-2014T10:41:02
Han Sung Restaurant,F8916031-FE98-4737-815160C80097F6B0,08-10-2014T17:36:40
Brothers Food,4271C7B0-921D-46E2-A6580014135991C7,09-10-2014T09:25:03
CK Kim Inc.,02A86C82-D4B4-4A11-B336EA5E070466FF,09-10-2014T10:05:40
Church King Buffet,38623AB1-A613-44EA-8531B3C69D2ECFF,09-10-2014T10:16:32
Crab Line,7663878F-6C76-4F7F-B4B3294D6B5D9769,09-10-2014T11:19:52
Kosher Pastry Oven Inc.,08D1F674-2404-41C1-90C440BFAB73D3C3,09-10-2014T11:49:24
Tilghman Island Country Store,45CA30BF-A2A0-4D9B-9BEBB5835EF8297,09-10-2014T15:22:12
King Ferry Winery,2D7C4578-0D87-48B4-9033D509E5AA6FD,10-10-2014T13:26:21
Sweet Reverie Farm,C293C000-AD50-40C6-86B06F7DD9CF5C1E,10-10-2014T16:37:58
Kwik Stop and Deli,E2C15C2B-D281-44C4-893E654BF3009DCC,10-10-2014T16:56:17
Old Mill Cleaners,49F58572-3E80-4C90-A8C5981BCCB64683,13-10-2014T08:22:51
Hibachi Sushi Supreme,34FA2C88-242C-4A04-9D37D75CC218879B,13-10-2014T11:40:10
Golden City,5D00CCAA-D150-41AF-AD31D9E98D7465C,15-10-2014T08:30:20
Bon Pollo,0B4F71F9-16D1-4837-B300EADDE068EA7,15-10-2014T08:49:51
Downtown Beer and Wine Gaithersburg,7E0AB401-64C8-4599-9241C0615DD84352,15-10-2014T09:19:16
Kent Island Cleaners,488F7E6B-D9CA-4C90-A1AFF4F500B240E5,15-10-2014T10:08:49
Holiday Liquors,F46AD97A-B2A4-4A84-BFFC0027C8F9CEF,15-10-2014T13:35:11
JV Liquors,BB694A00-9747-4F46-A2A4C8BAF8275318,15-10-2014T15:58:28
Southlawn Restaurant,1944FE82-4258-4327-A327D5F78565573,15-10-2014T16:50:49
The Ice Cream Sweet Shop,395BAA97-624A-4238-AD0191B5C24B1715,15-10-2014T16:59:45
Suburban Seafood,9C296123-AA3C-4C99-9F29AE489B9EDDE0,15-10-2014T17:10:45
Wintergreen Mobil,CD60506C-5BA1-4F1D-BD701E1EDF262E47,16-10-2014T08:56:25
Maki Maki Restaurant,453849F5-EA17-462D-B6C343E7D8FB804F,16-10-2014T09:23:48
Today Seafood & Crab,56E969F3-800F-493B-A2F326EEFCE4F60,16-10-2014T11:18:52
Pollo Mex,CB4FF478-D026-4E61-BF5BD9F164495E74,16-10-2014T15:54:20
Pollo Cabana,FF097B77-2620-4926-81A13BFEBE2C2E1C,16-10-2014T16:46:25
Pho City Corp,E2592017-E34A-43A9-BA3E755018453CB6,16-10-2014T17:10:44
Diamond Square Beer and Wine,6CA47CC6-28FD-4740-95806CFD5763C31B,17-10-2014T14:04:48
Pizza Tempo,293E7CC3-FA48-406B-A4AFDA21153C6E46,17-10-2014T17:06:12
Kim's Tailor,AD754558-90F9-4B47-A2AE3CBD3DC73790,20-10-2014T09:30:01
Noodle King,6D50136D-CB02-41B8-93426747B50564E1,20-10-2014T09:32:19
Kensington Pizzeria,B626E26C-725D-46AA-8BF88C057137F7BE,20-10-2014T09:57:42
Sheger International Market,21B54A89-BDAE-4C80-B8E9796896C875D,20-10-2014T11:00:06
Sweet Tooth Caf� and Bakery,5E159B3C-2D58-48D4-8F64A8E00615CAC,20-10-2014T11:13:48
Uncle Charlie's Bistro,A7371F08-E149-46E7-8C00C3E8C603F3AD,20-10-2014T11:42:32
Clinton Floral,13CDB5EE-EB9F-4FCA-91FE17DA71814804,20-10-2014T16:09:55
Honey Pig,598AE48C-D068-438D-910275E7F000B0E9,20-10-2014T16:59:17
LK Inc. Honey Pig Restaurant,E3CC1401-F071-42C2-96FA659DAAEAC5B,20-10-2014T17:32:02
Sohee Florist,4CD28F57-4344-4C11-9CC10162A284C8DA,21-10-2014T09:23:16
Hollywood Beer & Wine,8FB394E6-8C6E-4DC9-B4D3F5FC3D11A710,21-10-2014T10:04:28
Taylor Gourmet,68155A78-A130-4866-B89693BF5050D3B3,21-10-2014T17:41:36
Rose Caf�,6FD3AE8F-A5E7-4029-BB6185ABB452EAC,22-10-2014T09:42:22
Alicia's Mexican Grill,68A30692-72C9-4B9B-AEBA22FDF96F1546,22-10-2014T14:05:17
B&H Enterprises of Ithaca,2956A4C8-2F5A-487F-97FC6163686174B5,22-10-2014T14:28:31
The Montrose Condominium,48926435-FE14-4A9B-846172AF8CC791EE,22-10-2014T14:37:52
M&M Enterprises of Ithaca,47471CE4-B9DA-47C1-A05E694FE300991B,22-10-2014T16:10:38
Vulcan Enterprises,775E4F5E-85DF-408E-9400CC02EF85148C,22-10-2014T16:18:48
Super Radiator Coils,75ECDE80-14A4-4C13-B63C67F966CB6F9,22-10-2014T16:32:18
Creative Cakes,B8AB0FD3-82D0-4EA7-B0C8336651DD6727,24-10-2014T08:12:01
Manhattan Pizza and Pasta,19DCA476-A2B6-4A6E-867227BC47E4491,24-10-2014T08:22:55
Merkato Ethiopian Market and Deli,030820E4-8D3D-49C5-ABDA48BBA7DE5424,24-10-2014T08:36:15
Landover Liquors,A194452B-387B-44FA-9028163256594E78,24-10-2014T08:41:23
Safe Choice Pharmacy,E1F55549-3C24-485E-9F5DC025E6E12521,27-10-2014T08:26:02
Oriental Inn Inc,D31FF1DE-BF34-4424-A06F7E7F136D7400,27-10-2014T09:18:04
"Ev-Air-Tight, Shoemaker",03E27C97-DF5D-4230-8D13430087E139F8,27-10-2014T09:29:30
Asian Riordans Inc,E7BD4257-2F1C-4C9F-B53291A4962C4F68,27-10-2014T12:49:15
Victory International,34684258-6E22-4802-9BED56AF74FE8C9D,28-10-2014T16:33:51
Chinquapin Development LLC,466F9BCC-7C2C-47FD-A92EF8B25BA5BA1,28-10-2014T17:15:42
Maria's Bakery,8282C202-F35B-4310-8CC5F207E7FEA88,28-10-2014T17:42:48
New Carrollton Liquor,38277CE2-74AD-4B20-89518780877F7BD2,29-10-2014T08:23:00
New Fortune Restaurant,64C508EB-FA7F-45D8-BAE8B3BD2E36C3F4,29-10-2014T08:57:28
"Miani, LLC",CBC3D6EA-37CE-4C20-83CDEC9B859BB8FE,29-10-2014T10:37:11
Branded 72,F59AE550-1274-43CF-93129DFFACAE2CC0,29-10-2014T11:26:06
"Cavalier ford Portsmouth, LLC",D525C32A-F561-46B2-B45E7700CA40B3,29-10-2014T12:14:33
Ribs n Things,5CD7B47C-A477-4B8D-A821F21F6D7B0055,29-10-2014T12:36:08
Crestview Wine and Spirits,9DDF7538-C50E-47E8-B1460094C5882950,29-10-2014T13:56:16
ANC Fine Dining Inc,C9B5DE08-832C-4322-9E07295770313412,29-10-2014T14:01:08
Dominics Italian Grill,974B921F-68B7-43AE-9BF6F3400E52EFF,30-10-2014T10:25:50
Anna's Deli Plus,76AD2110-AD0A-41A2-934E7BF896D8114F,30-10-2014T10:58:56
Frankly Pizza,95AE474F-ED07-4F14-B4010400DCA2B7BE,30-10-2014T11:27:18
Neals Bagels,D95168E2-F75D-465B-963785B2C5DB89AD,30-10-2014T11:42:19
Seneca Convenience Store,4F88E922-7CDB-4C94-BD06AE43F8EDA965,30-10-2014T11:49:36
Chineese Express,032FF367-B54F-4504-B91C734266B669E7,03-11-2014T10:07:50
Germantown Sakura,BD5D7704-2855-4B58-A2FB12D9B087913E,03-11-2014T10:36:26
Jon Won Restaurant,45EB71ED-4D14-464F-81575E3B416D6D42,03-11-2014T10:56:07
Global International Grocery,FEE547AC-FDBE-4B9A-95739915222477A0,03-11-2014T11:23:06
La Fonda Chiquita Caf�,B7F3682A-BC2E-40BA-BF4C4070F523B163,03-11-2014T11:47:32
SRC Main Street,8D9140B8-BC9D-41AB-A1883E382536AD74,03-11-2014T13:12:06
Raw Ink,C0D5C089-E3E6-4743-B814000193B70090,03-11-2014T13:24:53
Sierra's Grill,84D7E464-E611-4FB1-B0F4528426ECED76,03-11-2014T13:31:52
El Norteno Restaurant,A4DCD583-059E-4106-B6F0A7E600F86C72,03-11-2014T15:31:58
Tacos 5 De Mayo Restaurant,2C3434DB-5F96-4924-AD95E4674228F4E,03-11-2014T16:10:22
Erdman Market Inc.,DBAC6D0A-2D43-40C7-A6D9CC66CE84003F,03-11-2014T16:57:08
Ily Parnters Inc.,9B19AB07-CCC3-434F-BBD63573AC2F7674,03-11-2014T17:34:36
Juice and Grind Caf�,C9C858F1-55CE-417C-9D4B49F9336D5F44,04-11-2014T08:24:02
Laytonsville Inc,71FC049A-857E-4AA8-A4DB47B87E706C9,04-11-2014T09:41:43
Luckys Superette,6814C9E7-14ED-487E-B628ADCE04F805F6,04-11-2014T11:15:26
Bong Su Oh,FE5AE7AC-F198-4638-B5D16FC0987D445C,04-11-2014T11:33:30
Gold Medal,1F4BD91A-3D61-456F-9E317FDF444F4502,04-11-2014T11:49:01
Pupuseria La Cabanita II,594CD9F8-5330-4E86-975DB7D3F918CF64,04-11-2014T14:38:47
Shiseido,0EA58814-7C5A-45FF-A0FFC130B4ED00D9,04-11-2014T15:00:33
Wheaton Winery,DA398BFD-6920-4B24-A42D9100DF9B651E,04-11-2014T15:22:04
YC,B62D9658-8B8B-41D6-80DD93030012A728,04-11-2014T15:48:07
Yi Chol Oh,F1F89B10-643A-46E0-B08415AB5163DCC6,04-11-2014T16:05:22
Hiro Sushi,13DAD9DC-43C9-404A-95390066512523F8,05-11-2014T13:23:27
China Dynasty,715D8331-0E13-49F7-81F5944C37AE11B0,05-11-2014T13:32:22
Hunan Manor,CCDDC79B-276E-4B1B-8531A90043CAD33,05-11-2014T13:58:43
Royal Dragon,39CFC7C3-9D16-4CDB-929461AF04028041,05-11-2014T15:03:51
Asian Bistro,48D7E503-6917-4B6B-9400C46189E0AD5D,06-11-2014T08:31:54
Arada International Market,9E0C4BD5-06D3-4FAE-80FF00DCFC3DB0E3,06-11-2014T08:39:29
Chicken Basket Wonder Fry Inc.,B4E71CD4-4EB0-4CCF-004FE3BD588BA8F3,06-11-2014T08:55:41
Grand Fusion Restaurant,0F8B0D70-4169-48BB-00EAD5DCA9B4B2D,06-11-2014T08:59:34
Hunan Hut,0199F923-0A7A-401F-91E7A9F301AFC936,06-11-2014T09:15:33
The Morris Inn,CCFF9C8C-9BDA-43A4-92B5550716DC694,06-11-2014T14:55:46
Robert Morris Inn,6D3D4FF8-7E1B-4943-B457B162134419FF,06-11-2014T17:05:54
Belly Buster Deli,06293E69-2B7F-474B-AABD79E1225900EC,10-11-2014T08:23:31
Fresh Baguette,D240A6E6-38DE-447B-8275BA2FC2FCEF1B,10-11-2014T08:47:11
Mandalay Restaurant,D011859F-148B-401E-83919775A2D922EF,10-11-2014T10:23:37
Hampden Caf�,75F8B3AC-B85A-42A7-AF6DA441826DEBB4,10-11-2014T11:15:36
Century Dodge Chrysler Jeep Inc.,99766E87-E993-48FD-A6E2C3036C709900,10-11-2014T11:18:58
Szechuan No. 1,720928A3-A526-4967-97D522D502C099D7,10-11-2014T13:55:34
Karns Performance,2D97B395-3AC5-4DE6-AA63D3EA1C10D910,10-11-2014T14:46:39
Fairland Market,CBC88906-0BDE-41A3-8B5DF8BC0917FCF1,11-11-2014T08:42:57
Hanaro Montgomery,90CA69A2-B9CD-4AD7-B62C00165D79293D,12-11-2014T08:40:00
Golden House Bethesda,C6085AE8-93C6-4236-8E33B8B455FE5321,12-11-2014T09:17:05
Middlebrook Discount Beer and Wine,3DB38763-7F3D-4DFE-BCCEA212B224A179,12-11-2014T09:39:27
Dayco,E50C3E74-0E88-4F14-8F6341FB4398541F,12-11-2014T09:42:54
Lilit Caf�,6433406A-6460-410B-873735A2009CE883,12-11-2014T10:06:15
Seaside Seafood,89FC7EF6-8122-4D64-84306E5E01BB1E68,12-11-2014T10:31:47
Pizza Pass,49AB9E9D-16DC-4538-BCECE72F48CDFC58,12-11-2014T10:54:25
The Essex Condominium,2705F33F-356E-4AED-9CF122D549F362F2,12-11-2014T11:33:25
Mayflower,E93C5C45-4F13-4EA8-95C646AAC7AB3698,12-11-2014T13:09:12
Market @ Gallery Beer and Wine,7BF9FAFB-D8DD-4C12-A47220A2F1E84B48,13-11-2014T10:56:51
China Garden,01FCD0FC-A368-4B24-00545F007C5CEA61,14-11-2014T08:30:16
Piscatway Liquor Inc,D70CED1A-910C-4A21-A0A6A2AA855E16E,14-11-2014T08:47:57
Flanagans Harp and Fiddle,D4918981-2BF7-4705-BEAC9FE1FF29F86E,14-11-2014T09:12:41
Dairy Queen Montgomery Mall,09219D68-4588-4429-AF12DC4400FDF200,14-11-2014T09:41:46
Sunoco One Stop,122C7836-B00D-4A69-B6306200A37CB400,14-11-2014T09:48:58
Harry's Deli,F17FF2C9-F864-4ABA-9071BC8700D165A9,14-11-2014T10:58:50
Rehoboth Signs,B0B6CA6C-9942-4B7F-9C61478BD85D4583,17-11-2014T08:48:45
Wendell's Performance Truck,A5420708-A134-445D-A5D7D580C5C6BBA6,17-11-2014T09:50:08
Yuzu Japanese Restaurant,4A9294AF-C865-4AE5-86BF582FD5DFEDB,17-11-2014T13:12:19
3-Brothers Center,ED223DE8-F94A-4263-A35E243338F000E8,17-11-2014T14:40:27
Convenience Express,FFA3A7C9-0361-4015-00E92DA0592D12B5,18-11-2014T08:25:04
Auburndale Donut Group Investments,39454A8D-4226-4DEA-BEC3B1830038F0B9,18-11-2014T08:41:11
Crown Fried Chicken & Kabob House,A664A386-D88D-4AF6-A8E546004145A161,18-11-2014T09:05:31
Home BBQ & Fish,540330C2-E452-45A8-002ECC17597400DB,18-11-2014T12:40:34
Cupboard Maker Books,E068FF4E-F747-4AAE-99A769AEFBF768A7,19-11-2014T08:36:35
Sala Thai Restaurant,1A4FEC34-5E4B-4555-9185457DDC99A2CF,19-11-2014T12:25:14
Fiorello's Italian Bistro,CDD34BA4-7DB2-4D81-B84E9B6426BED4DD,19-11-2014T14:28:50
Fort Washington Liquors,9BAEB812-01F7-4380-B8BB69C255913CF1,19-11-2014T15:21:22
Food Zone,BDC88C77-30E0-4AF8-BD2001B4DFF5DCED,19-11-2014T16:09:24
Quality Discount Store & Beauty Supply,D663E130-AB41-4164-A62480EB5EE197,20-11-2014T08:22:05
Il Forno Metro Dhaba,F9806231-05E5-488C-A21000FAED75F479,20-11-2014T08:47:59
Abyssinia Ethiopian Restaurant,6484D756-DCF1-4AAE-003E33CCC999ED53,21-11-2014T09:08:19
Chester County Economic Development Council,39E28E54-A6D1-4214-90C7E5F9E686B34,21-11-2014T09:35:53
Tantallon Exxon,8FB137FF-526F-40BA-BE9DEE15482D7D9E,21-11-2014T11:17:55
Mimi's Convenience Store,693F8836-FB87-4970-9581E17DCD3F2856,21-11-2014T12:11:23
Spring Garden,C8F80334-0A44-4C87-AC093FA55F6CF6AE,21-11-2014T12:49:44
Yj Beauty Salon,ABE30AF3-CC58-4B2A-942DE2F550C6C2F1,21-11-2014T13:38:40
Hunan Hamlet,0297EBE7-1239-4272-90807DD017EC35E6,21-11-2014T15:48:40
International Food Market of Beltvile,79813724-A462-4246-988E79E84C2D6C30,21-11-2014T16:23:58
The Association of US Army,25183C5E-F29C-4816-B2D46284AE86F19F,24-11-2014T13:06:20
Becker Designed Inc,23DDA90A-D3BF-4F8A-B7C950AED59C9EEA,25-11-2014T08:49:16
